[
  {
    "code":"72180",
    "nom":"Mamers",
    "typeLiaison":0,
    "zone":"metro",
    "arrondissement":"722",
    "departement":"72",
    "region":"52",
    "type":"commune-actuelle",
    "rangChefLieu":0,
    "siren":"217201805",
    "codesPostaux":["72600"],
    "population":5080
  },
  {
    "code":"72189",
    "nom":"Marolles-les-Braults",
    "typeLiaison":0,
    "zone":"metro",
    "arrondissement":"722",
    "departement":"72",
    "region":"52",
    "type":"commune-actuelle",
    "rangChefLieu":0,
    "anciensCodes":["72116"],
    "siren":"200082543",
    "codesPostaux":["72260"],
    "population":2038
  },
  {
    "code":"72276",
    "nom":"Saint-Cosme-en-Vairais",
    "typeLiaison":0,
    "zone":"metro",
    "arrondissement":"722",
    "departement":"72",
    "region":"52",
    "type":"commune-actuelle",
    "rangChefLieu":0,
    "anciensCodes":["72055", "72092"],
    "siren":"217202761",
    "codesPostaux":["72110"],
    "population":1884
  },
  {
    "code":"72026",
    "nom":"Beaufay",
    "typeLiaison":0,
    "zone":"metro",
    "arrondissement":"722",
    "departement":"72",
    "region":"52",
    "type":"commune-actuelle",
    "rangChefLieu":0,
    "siren":"217200260",
    "codesPostaux":["72110"],
    "population":1523
  },
  {
    "code":"72220",
    "nom":"Nogent-le-Bernard",
    "typeLiaison":0,
    "zone":"metro",
    "arrondissement":"722",
    "departement":"72",
    "region":"52",
    "type":"commune-actuelle",
    "rangChefLieu":0,
    "siren":"217202209",
    "codesPostaux":["72110"],
    "population":876
  },
  {
    "code":"72196",
    "nom":"Mézières-sur-Ponthouin",
    "typeLiaison":0,
    "zone":"metro",
    "arrondissement":"722",
    "departement":"72",
    "region":"52",
    "type":"commune-actuelle",
    "rangChefLieu":0,
    "anciensCodes":["72242"],
    "siren":"217201961",
    "codesPostaux":["72290"],
    "population":735
  },
  {
    "code": "72038",
    "nom": "Boëssé-le-Sec",
    "typeLiaison": 0,
    "zone": "metro",
    "arrondissement": "722",
    "departement": "72",
    "region": "52",
    "type": "commune-actuelle",
    "rangChefLieu": 0,
    "siren": "217200385",
    "codesPostaux": [
      "72400"
    ],
    "population": 541
  },
  {
    "code": "72039",
    "nom": "Bonnétable",
    "typeLiaison": 0,
    "zone": "metro",
    "arrondissement": "722",
    "departement": "72",
    "region": "52",
    "type": "commune-actuelle",
    "rangChefLieu": 0,
    "anciensCodes": [
      "72014"
    ],
    "siren": "217200393",
    "codesPostaux": [
      "72110"
    ],
    "population": 3735
  },
  {
    "code":"72316",
    "nom":"Saint-Rémy-des-Monts",
    "typeLiaison":0,
    "zone":"metro",
    "arrondissement":"722",
    "departement":"72",
    "region":"52",
    "type":"commune-actuelle",
    "rangChefLieu":0,
    "siren":"217203165",
    "codesPostaux":["72600"],
    "population":705
  },
  {
    "code":"72215",
    "nom":"Neufchâtel-en-Saosnois",
    "typeLiaison":0,
    "zone":"metro",
    "arrondissement":"722",
    "departement":"72",
    "region":"52",
    "type":"commune-actuelle",
    "rangChefLieu":0,
    "siren":"217202159",
    "codesPostaux":["72600"],
    "population":1023
  },
  {
    "code":"72101",
    "nom":"Courcemont",
    "typeLiaison":0,
    "zone":"metro",
    "arrondissement":"722",
    "departement":"72",
    "region":"52",
    "type":"commune-actuelle",
    "rangChefLieu":0,
    "siren":"217201011",
    "codesPostaux":["72110"],
    "population":670
  },
  {
    "code": "72040",
    "nom": "La Bosse",
    "typeLiaison": 3,
    "zone": "metro",
    "arrondissement": "722",
    "departement": "72",
    "region": "52",
    "type": "commune-deleguee",
    "rangChefLieu": 0,
    "siren": "217200401",
    "codesPostaux": [
      "72400"
    ],
    "population": 146
  },
  {
    "code":"72104",
    "nom":"Courgains",
    "typeLiaison":0,
    "zone":"metro",
    "arrondissement":"722",
    "departement":"72",
    "region":"52",
    "type":"commune-actuelle",
    "rangChefLieu":0,
    "siren":"217201045",
    "codesPostaux":["72260"],
    "population":585
  },
  {
    "code":"72048",
    "nom":"Briosne-lès-Sables",
    "typeLiaison":0,
    "zone":"metro",
    "arrondissement":"722",
    "departement":"72",
    "region":"52",
    "type":"commune-actuelle",
    "rangChefLieu":0,
    "anciensCodes":["72263"],
    "siren":"217200484",
    "codesPostaux":["72110"],
    "population":537
  },
  {
    "code": "01042",
    "nom": "Bey",
    "typeLiaison": 0,
    "zone": "metro",
    "arrondissement": "012",
    "departement": "01",
    "region": "84",
    "type": "commune-actuelle",
    "rangChefLieu": 0,
    "siren": "210100426",
    "codesPostaux": [
      "01290"
    ],
    "population": 290
  },
  {
    "code": "01015",
    "nom": "Arbignieu",
    "typeLiaison": 1,
    "zone": "metro",
    "type": "commune-deleguee",
    "chefLieu": "01015",
    "arrondissement": "011",
    "departement": "01",
    "region": "84"
  },
  {
    "code": "75101",
    "nom": "Paris 1er Arrondissement",
    "typeLiaison": 0,
    "zone": "metro",
    "type": "arrondissement-municipal",
    "commune": "75056",
    "arrondissement": "751",
    "departement": "75",
    "region": "11",
    "codesPostaux": ["75001"],
    "population": 15919
  },
  {
    "code": "75102",
    "nom": "Paris 2e Arrondissement",
    "typeLiaison": 0,
    "zone": "metro",
    "type": "arrondissement-municipal",
    "commune": "75056",
    "arrondissement": "751",
    "departement": "75",
    "region": "11",
    "codesPostaux": ["75002"],
    "population": 21119
  }
]
